id,salutation,first_name,last_name,email,country,street,state,city,zip,phone,organization,job title,recurring amount,donation amount
1,Ms,Nicole,Chapman,nchapman0@europa.eu,Thailand,1 Basil Circle,,Bueng Samakkhi,,3-(472)603-5084,Blognation,,251,7722
2,Ms,Julia,Morrison,,Philippines,1 Oriole Parkway,,Hermosa,,,Skidoo,,,8615
3,Ms,Joseph,Lane,,Philippines,92336 Bunker Hill Drive,,Mambago,,8-(234)380-1727,Eazzy,Paralegal,,
4,Honorable,Judith,Fuller,,Ecuador,67 Milwaukee Parkway,,Montalvo,,9-(162)417-5819,Devshare,,,
5,,Cheryl,James,,Czech Republic,65 Maywood Drive,,Hošťka,,5-(045)740-1346,Talane,Information Systems Manager,,6816
6,Ms,Helen,Frazier,hfrazier5@time.com,China,18 Twin Pines Circle,,Laojiangjunjie,,,Innotype,Paralegal,,643
7,Rev,Ashley,Gomez,agomez6@guardian.co.uk,China,59 Sheridan Avenue,,Xiaowuzhan,,1-(509)186-1014,Brightdog,,,
8,Rev,Shawn,Wallace,swallace7@ftc.gov,Indonesia,52 Mifflin Circle,,Tempaling,,,Centizu,,,
9,Ms,Jean,Gardner,jgardner8@linkedin.com,China,0377 Shasta Trail,,Panzhou,,2-(361)757-2109,Tagtune,Business Systems Development Analyst,,
10,Dr,Anthony,Fisher,afisher9@yale.edu,Kazakhstan,1902 Randy Alley,,Kokshetau,,4-(323)334-2796,Skibox,Human Resources Manager,,1592
11,Mr,Andrea,Torres,,New Zealand,535 Susan Trail,,Red Hill,,8-(792)543-6916,Meeveo,,495,
12,,Mildred,Kelly,,Portugal,0 Shopko Avenue,Lisboa,Aldeia de Juzo,2750-015,7-(629)659-4669,Yombu,Occupational Therapist,,1818
13,Mr,Matthew,Wallace,,Czech Republic,82 Lukken Terrace,,Sedlice,,7-(656)377-5745,Aivee,Biostatistician II,,
14,Rev,Billy,Bradley,,Argentina,392 Mariners Cove Street,,La Falda,,5-(546)327-8049,Tambee,Assistant Manager,,
15,Mr,Kathryn,Patterson,kpattersone@vkontakte.ru,Brazil,405 Sunbrook Terrace,,Codajás,,5-(310)993-7204,Realpoint,,,
16,,Jose,Flores,jfloresf@usgs.gov,China,26 Annamark Alley,,Hatu Buh,,,Brightbean,Administrative Officer,310,
17,Dr,Christopher,Austin,,United States,36055 Maple Hill,Connecticut,Waterbury,06705,,Omba,,,
18,Mr,Harry,Jenkins,hjenkinsh@typepad.com,Sierra Leone,484 Londonderry Plaza,,Kayima,,5-(956)554-4923,Voolith,Automation Specialist IV,,9264
19,Ms,Lillian,Flores,,China,73 Browning Junction,,Licheng,,,Jaxspan,,,9095
20,Rev,Ryan,Reyes,,Portugal,49997 Oakridge Pass,Coimbra,Ribeira,3360-257,,Skyba,,364,9185
21,Honorable,Ruth,Sanders,,China,67377 Memorial Road,,Baikui,,,Jatri,Administrative Assistant I,92,4151
22,,George,Perry,,Poland,0 Darwin Lane,,Kowale,,,Flashspan,,,
23,Rev,Walter,Powell,,Russia,8 Transport Plaza,,Peresvet,,4-(668)963-5868,Twinte,,,
24,Mrs,Ruby,Oliver,,Indonesia,075 High Crossing Center,,Kajanan,,1-(926)682-2565,Voonix,Staff Accountant I,,
25,,Jeremy,Banks,jbankso@edublogs.org,France,4564 Victoria Parkway,Rhône-Alpes,Meylan,38244 CEDEX,3-(121)796-1312,Skimia,,,38
26,,Matthew,Richards,,Sweden,62 Graedel Center,Stockholm,Sundbyberg,172 69,,Wordtune,,,
27,Honorable,Arthur,Burton,aburtonq@hostgator.com,France,87 Cambridge Hill,Picardie,Amiens,80891 CEDEX 3,4-(245)684-4705,Tagtune,,,
28,Ms,Billy,Garrett,,Greece,18113 Helena Place,,Kariaí,,0-(853)323-8778,Centizu,Administrative Officer,,5785
29,Dr,Rebecca,Porter,,United States,07050 Doe Crossing Plaza,Minnesota,Saint Paul,55108,4-(706)074-7847,Zazio,Assistant Manager,,
30,Dr,Rebecca,Johnston,,China,57 Mitchell Circle,,Gaotuo,,,Aimbo,Chief Design Engineer,,
31,Dr,Donna,Riley,drileyu@ed.gov,Italy,2 Old Gate Parkway,Sicilia,Messina,98146,7-(161)939-6638,Fliptune,,,1384
32,Ms,Mildred,Willis,,Poland,843 Cottonwood Lane,,Świnna,,3-(474)705-1693,Browsecat,,,
33,Mrs,Kathy,Long,,Russia,755 Thierer Place,,Uchkulan,,8-(902)778-4158,Realblab,,,
34,Mrs,Eugene,Stephens,estephensx@bizjournals.com,Kazakhstan,0491 La Follette Crossing,,Taldyqorghan,,,Myworks,Administrative Officer,,6956
35,Ms,Martha,Hansen,mhanseny@t-online.de,Poland,13 Crownhardt Point,,Wilkowice,,,Rhynyx,Software Engineer I,,6269
36,Honorable,Eugene,Hunt,ehuntz@toplist.cz,Greece,0 Carpenter Lane,,Markópoulo Oropoú,,2-(568)222-2673,Trilia,,,6702
37,Mr,Nicholas,King,,Ukraine,2072 Hayes Plaza,,Rybache,,1-(068)662-5765,Layo,,,8571
38,Honorable,Sara,Anderson,,Poland,098 Scoville Point,,Przecław,,2-(803)151-8520,Avamba,,,9651
39,Honorable,Diane,Ward,,Czech Republic,59 Mosinee Drive,,Dřiteň,,1-(271)207-4341,Youopia,Payment Adjustment Coordinator,,6334
40,Mrs,Dorothy,Watson,dwatson13@virginia.edu,Indonesia,402 Loomis Lane,,Cileunyi,,3-(843)452-8728,Oloo,Senior Quality Engineer,,
41,Rev,Rose,Gonzales,,South Korea,701 Waubesa Crossing,,Enjitsu,,,Quimm,VP Product Management,,252
42,,Maria,Carr,,United States,50 Cherokee Way,Louisiana,Baton Rouge,70894,2-(078)409-0982,Skinder,,,5956
43,Dr,Joe,Bailey,,Philippines,75 Ramsey Pass,,Bantacan,,1-(495)461-4170,Gevee,,,7765
44,,Phyllis,Alvarez,,Indonesia,2 Chinook Road,,Sumberdangdang,,4-(935)637-3713,Podcat,,,9218
45,,Melissa,Webb,,Russia,4 Lillian Trail,,Slyudyanka,,0-(411)456-7376,Meeveo,Accountant I,,5170
46,Mr,Mary,Pierce,mpierce19@narod.ru,China,491 Lerdahl Pass,,Shangjiangxu,,2-(217)899-8081,Centidel,Human Resources Assistant I,306,5656
47,Mrs,Jeffrey,Thompson,,Brazil,10 Butterfield Place,,Açucena,,1-(503)051-4278,Bubblebox,,284,9922
48,Mrs,Debra,Knight,,China,612 Almo Hill,,Shuidong,,,Edgewire,,,722
49,Mrs,Phillip,Perry,,Philippines,0990 Mayfield Hill,,Calaba,,,Chatterpoint,,,
50,Rev,Brenda,Jenkins,bjenkins1d@sfgate.com,Nigeria,7060 Marcy Center,,Tegina,,,Brainbox,,,
51,Mrs,Howard,Burke,hburke1e@yandex.ru,Russia,0747 Drewry Crossing,,Staropyshminsk,,,Flipbug,Chief Design Engineer,468,
52,,Kathryn,Williams,,Brazil,20 Oakridge Circle,,Guaratuba,,,Roodel,,,3678
53,Mrs,Gerald,Sullivan,,Syria,24609 Thompson Parkway,,Tasīl,,9-(806)552-8308,Skyba,,,
54,,Russell,Powell,rpowell1h@redcross.org,Russia,93 Eastlawn Crossing,,Bolgar,,,Skimia,Clinical Specialist,,
55,Dr,Craig,Washington,cwashington1i@miitbeian.gov.cn,Philippines,309 Basil Junction,,Sexmoan,,3-(227)090-2681,Wikivu,,,
56,Mrs,Timothy,Franklin,tfranklin1j@seesaa.net,Philippines,4026 Monument Terrace,,Lais,,,Yata,,,1008
57,,Robin,Hicks,,China,82521 Pond Terrace,,Bailang,,9-(233)213-5568,Fatz,,,7426
58,Mr,Marilyn,Chapman,,China,90472 Montana Center,,Tangqian,,1-(487)342-6350,Lajo,Programmer Analyst IV,,776
59,Mrs,Jerry,Harper,,Brazil,01 Corry Park,,Irati,,,Flipbug,Account Representative II,,
60,Honorable,Jacqueline,Rivera,jrivera1n@wikispaces.com,Japan,9 Carpenter Trail,,Jōetsu,,,Yozio,Design Engineer,,
61,Ms,Gloria,Howell,,China,02 Golf View Pass,,Xindu,,,Eare,,,
62,Ms,Evelyn,Hayes,,France,97798 Green Trail,Aquitaine,Boé,47555 CEDEX,,Twitternation,,,5159
63,Mr,Pamela,Mills,pmills1q@reverbnation.com,China,9068 Clove Pass,,Xinfeng,,9-(851)323-6414,Tazzy,Senior Editor,,
64,Ms,Roy,Holmes,rholmes1r@digg.com,Poland,942 Vidon Hill,,Kiełczów,,5-(595)114-1672,Yombu,Legal Assistant,,8719
65,Honorable,Janice,Black,jblack1s@goodreads.com,China,18 Drewry Street,,Yangshufang,,9-(505)154-9220,Myworks,Operator,,7009
66,Mr,Carl,Harvey,,Brazil,3170 Mitchell Parkway,,Campinas,,5-(233)156-4659,Edgeify,,,
67,Mr,Frances,Nelson,,Colombia,2 Mccormick Drive,,Arboleda,,2-(685)755-1269,Twinte,Sales Representative,,
68,Honorable,Jason,Anderson,,Philippines,0087 Russell Pass,,Takub,,,Oyoloo,Social Worker,,
69,Mr,Ann,Chapman,,Czech Republic,9407 Dottie Street,,Žirovnice,,,Divape,Food Chemist,,
70,Honorable,Julie,Riley,,Ukraine,39955 Canary Avenue,,Truskavets,,,Skinte,,,
71,Rev,Ryan,Ward,,Philippines,126 Morningstar Park,,Bantacan,,,Tagchat,,,1026
72,,Joyce,Fowler,jfowler1z@bbb.org,China,428 Katie Court,,Jiangning,,9-(390)341-9013,Gigabox,,,
73,Ms,Alice,Patterson,,Argentina,26 Blackbird Junction,,La Banda,,1-(266)195-4611,Centizu,Financial Analyst,,
74,,Kevin,Hudson,,Thailand,4328 Hoffman Road,,Kamalasai,,,Thoughtbridge,,,8160
75,Dr,Pamela,Long,plong22@salon.com,China,3 Buena Vista Road,,Yonghe,,0-(126)286-3604,Ntags,,,3365
76,Rev,Randy,Perkins,rperkins23@furl.net,France,5 Burning Wood Alley,Poitou-Charentes,Royan,17209 CEDEX,5-(314)277-1500,Dynazzy,,,8945
77,Dr,Jessica,Grant,,Czech Republic,230 Veith Place,,Želiv,,1-(952)559-8782,Thoughtsphere,,,5053
78,Honorable,Mary,Ross,,China,1056 Corscot Center,,Guanzhou,,,Skimia,Recruiter,,7448
79,Dr,Judith,Warren,jwarren26@linkedin.com,Thailand,5730 International Lane,,Phuket,,,Dabtype,Senior Editor,,554
80,Honorable,Kevin,Gilbert,,China,03 Arapahoe Hill,,Jiangxi,,,Flashdog,Registered Nurse,,
81,Honorable,Lois,Hernandez,,Yemen,9 Carey Hill,,Al Miftāḩ,,,Meeveo,Research Nurse,277,7199
82,Ms,Barbara,Russell,,Greece,7589 Pennsylvania Junction,,Kassándreia,,2-(745)944-4149,Zoomlounge,Registered Nurse,,3014
83,Mrs,Chris,Medina,cmedina2a@networkadvertising.org,China,81880 Old Gate Drive,,Lincheng,,2-(128)916-8821,Vipe,Quality Engineer,,2619
84,Honorable,David,Johnson,djohnson2b@scribd.com,Finland,8 Loomis Alley,,Muhos,,2-(993)514-8842,Jaxnation,,417,7124
85,Dr,Raymond,Alvarez,,Latvia,8517 Washington Street,,Engure,,,Youfeed,Research Associate,,
86,Dr,Stephanie,Bailey,,China,97 Fairfield Crossing,,Baiqiao,,2-(434)350-2344,Fiveclub,Programmer IV,,
87,Honorable,Gary,Taylor,,Russia,5 Reinke Avenue,,Orekhovo-Zuyevo,,,Gigashots,,,1292
88,Mrs,Ernest,Smith,,Philippines,5763 Vahlen Trail,,Tigbaw,,,Innotype,,,2526
89,,Albert,Stone,astone2g@dot.gov,Indonesia,130 Derek Terrace,,Lengkongsari,,,Vinte,,,1516
90,,Samuel,Harrison,,China,96419 Springview Terrace,,Dahe,,4-(604)044-0141,Oodoo,Software Consultant,250,140
91,Mr,Angela,Kelly,akelly2i@miitbeian.gov.cn,Philippines,41 Cherokee Way,,Kitcharao,,,Omba,,,
92,Mr,Gloria,Hart,,Canada,819 Sycamore Avenue,,Dollard-Des Ormeaux,,7-(709)961-7856,Twitterwire,,,5288
93,Ms,Robert,Medina,rmedina2k@amazon.co.uk,France,861 Dahle Street,Centre,Orléans,45933 CEDEX 9,2-(601)920-7404,Kwideo,Nurse Practicioner,70,5672
94,Ms,Joshua,Morales,jmorales2l@nbcnews.com,Sweden,6747 Grover Place,Norrbotten,Piteå,941 28,,Jayo,Executive Secretary,,4779
95,Rev,Russell,Thomas,rthomas2m@e-recht24.de,Philippines,909 Alpine Avenue,,Lumbang,,,Flashpoint,Web Developer IV,,3816
96,Honorable,Andrew,Fernandez,afernandez2n@comcast.net,China,8193 Dunning Point,,Gangnan,,6-(663)655-4163,Mynte,,,
97,Mr,Catherine,Jones,,Lebanon,50 Sullivan Junction,,Joubb Jannîne,,4-(912)166-3558,Tavu,,,
98,,Phyllis,Nichols,,China,3075 Mallory Plaza,,Yongledian,,,Jabberbean,,,9510
99,,George,Hawkins,ghawkins2q@typepad.com,Venezuela,48 Elgar Parkway,,Masparrito,,6-(759)496-9987,Latz,Desktop Support Technician,,
100,Mr,Lori,Murray,,China,2 Victoria Point,,Liquan Chengguanzhen,,,Kazu,,,
